uuid,category,sub_category,name,title,subtitle,summary,website,merchant_editorial,rules,address,city,state,phone,latitude,longitude,detail_url
11e8d1f9-4bf6-48a1-b6c5-278727728b0c,Informal Dining and Takeaway,Takeaway,Donut King,One six pack of cinnamon donuts,"Buy one, get one free",One complimentary SIX PACK OF CINNAMON DONUTS when another SIX PACK OF CINNAMON DONUTS of equal or greater value is purchased,https://www.donutking.com.au/,,• Valid at all participating Australian locations,"Kiosk KK 014 Midland Gate Shopping Centre, Brockman Road, Midland WA 6056, Australia",Midland,WA,,-27.66322,153.059494,https://www.entertainment.com.au/offer-details/11e8d1f9-4bf6-48a1-b6c5-278727728b0c
8ffa5d07-c93f-49bd-ae03-97da5a2cc4ab,Informal Dining and Takeaway,Takeaway,Donut King,One regular hot dog,"Buy one, get one free",One complimentary REGULAR HOT DOG when another REGULAR HOT DOG of equal or greater value is purchased,https://www.donutking.com.au/,,• Valid at all participating Australian locations (excluding Express Stores where product may not be available),"Kiosk KK 014 Midland Gate Shopping Centre, Brockman Road, Midland WA 6056, Australia",Midland,WA,,-27.66322,153.059494,https://www.entertainment.com.au/offer-details/8ffa5d07-c93f-49bd-ae03-97da5a2cc4ab
0274ada2-074d-460d-8dba-887021fce17f,Informal Dining and Takeaway,Takeaway,Donut King,One regular hot beverage,"Buy one, get one free",One complimentary REGULAR HOT BEVERAGE when another REGULAR HOT BEVERAGE of equal or greater value is purchased,https://www.donutking.com.au/,,• Valid at all participating Australian locations,"Kiosk KK 014 Midland Gate Shopping Centre, Brockman Road, Midland WA 6056, Australia",Midland,WA,,-27.66322,153.059494,https://www.entertainment.com.au/offer-details/0274ada2-074d-460d-8dba-887021fce17f
7007ae52-79b8-4ee7-93f3-ec6a900392a3,Informal Dining and Takeaway,Takeaway,Krispy Kreme,One bagel,"Buy one, get one free",One complimentary BAGEL when another BAGEL of equal or greater value is purchased,www.krispykreme.com.au,"Krispy Kreme Australia is proud to be the first country outside of the USA to make the iconic Original Glazed® doughnut.  Krispy Kreme doughnuts are made fresh daily and are perfect for treating yourself or sharing  at celebrations like birthday’s, parties or sporting events.","• Valid at all current and future locations
• Available on App Only","Lot 1, 1441 Albany Highway, Cannington WA 6107, Australia",Cannington,WA,,-32.025571649807766,115.9412549962613,https://www.entertainment.com.au/offer-details/7007ae52-79b8-4ee7-93f3-ec6a900392a3
80d8ccaa-71a0-4c1d-b84b-c37c2c9d01de,Informal Dining and Takeaway,Takeaway,Krispy Kreme,One coffee,"Buy one, get one free",One complimentary COFFEE when another COFFEE of equal or greater value is purchased,www.krispykreme.com.au,"Krispy Kreme Australia is proud to be the first country outside of the USA to make the iconic Original Glazed® doughnut.  Krispy Kreme doughnuts are made fresh daily and are perfect for treating yourself or sharing  at celebrations like birthday’s, parties or sporting events.","• Valid at all current and future locations
• Available on App Only","Lot 1, 1441 Albany Highway, Cannington WA 6107, Australia",Cannington,WA,,-32.025571649807766,115.9412549962613,https://www.entertainment.com.au/offer-details/80d8ccaa-71a0-4c1d-b84b-c37c2c9d01de
1c077d01-b234-4d6e-b9fa-129382002801,Informal Dining and Takeaway,Takeaway,Krispy Kreme,One dozen original glazed doughnuts,"Buy one, get one free",One complimentary DOZEN ORIGINAL GLAZED DOUGHNUTS when another DOZEN ORIGINAL GLAZED DOUGHNUTS of equal or greater value is purchased,www.krispykreme.com.au,"Krispy Kreme Australia is proud to be the first country outside of the USA to make the iconic Original Glazed® doughnut.  Krispy Kreme doughnuts are made fresh daily and are perfect for treating yourself or sharing  at celebrations like birthday’s, parties or sporting events.","• Valid at all current and future locations
• Available on App Only","Lot 1, 1441 Albany Highway, Cannington WA 6107, Australia",Cannington,WA,,-32.025571649807766,115.9412549962613,https://www.entertainment.com.au/offer-details/1c077d01-b234-4d6e-b9fa-129382002801
235f1e60-a57c-4d73-bea4-edc1a041a13b,Informal Dining and Takeaway,Takeaway,Cold Rock Ice Creamery,One regular ice cream,"Buy one, get one free","Buy One Regular Size ice cream cup/cone, Get One Regular Size ice cream cup/cone Free (equal or lesser value).",https://www.coldrock.com.au/,"Treat yourself to Australia’s coolest frozen treats! With over 30,000 combos to choose from, the options are endless. From ice cream cakes and shakes to cups, cones and take-home tubs, you can choose your favourite flavours and Mix-Ins to create your own personalised combo!","• Valid IN-STORE ONLY
• Mix Ins not included
• Valid at all current and future locations
• Excludes Mobile Van and Cold Rock Express locations
• For store locations please visit www.coldrock.com.au","Shop 11, 148 The Esplanade, Scarborough WA 6019, Australia",Scarborough,WA,,-31.893264909403985,115.75699696923203,https://www.entertainment.com.au/offer-details/235f1e60-a57c-4d73-bea4-edc1a041a13b
24628651-bee0-4e63-8bdf-92eb4a33197d,Informal Dining and Takeaway,Takeaway,Cold Rock Ice Creamery,Up to $10,Enjoy $10 off,$10 off the REGULAR PRICE OF ANY COLD ROCK CAKE PURCHASE OF $60 OR MORE,https://www.coldrock.com.au/,"Treat yourself to Australia’s coolest frozen treats! With over 30,000 combos to choose from, the options are endless. From ice cream cakes and shakes to cups, cones and take-home tubs, you can choose your favourite flavours and Mix-Ins to create your own personalised combo!","• Valid IN-STORE ONLY
• Valid at all current and future locations
• For store locations please visit www.coldrock.com.au
• Excludes Mobile Van and Cold Rock Express locations","Shop 11, 148 The Esplanade, Scarborough WA 6019, Australia",Scarborough,WA,,-31.893264909403985,115.75699696923203,https://www.entertainment.com.au/offer-details/24628651-bee0-4e63-8bdf-92eb4a33197d
eba4e9cc-ab6d-4c7f-b022-58ea15ebf607,Informal Dining and Takeaway,Takeaway,The Cheesecake Shop AU,Up to $10,Enjoy 25% off,25% off the TOTAL BILL,https://www.cheesecake.com.au/,"Famous for their delicious range of cheesecakes, mudcakes, tortes and desserts, that are perfect for any occasion. Whether it is a quarter for a daily treat, dessert for the family or a special celebration cake for that important milestone, The Cheesecake Shop can help. Baked in-store, made with love, open 7 days. Visit www.cheesecake.com.au/find-bakery for your nearest bakery.","• Offer is not available for vegan cakes, gluten free cakes and pre-order cakes
• Offer is redeemable in-store only and is not redeemable on The Cheesecake Shop website
• Not to be used with any other offer
• Offer not available for use on public holidays/optional days as per Entertainment Rules of Use","49B William Street, Armadale WA 6112, Australia",Armadale,WA,,-32.155057,116.013631,https://www.entertainment.com.au/offer-details/eba4e9cc-ab6d-4c7f-b022-58ea15ebf607
a627d95c-06fa-4183-985a-c6c37ba0a7d7,Informal Dining and Takeaway,Takeaway,San Churro,Up to $20,"Buy one, get one free",One complimentary Small Churros when another Small Churros of equal or greater value is purchased,https://www.sanchurro.com/,"San Churro is Australia's favourite chocolate café. Like the chocolaterias of Spain, San Churro is a place where friends can come together to share, celebrate and indulge! Enjoy Churros (Spanish doughnuts) made fresh-to-order, served with couverture chocolate, or decadent desserts, premium chocolate shakes, traditional Spanish hot chocolate, and more.","• Buy One Get One Free Offer applies to full priced Small Churros For One, valid to redeem at any San Churro location for entertainment group customers.
• 100% discount is applied to the second Small Churros For One purchased within the same transaction.
• Extras charged at additional cost.
• Not to be used in conjunction with any other offer or discount. Offer available in-store at the counter only, offer not available for delivery orders.","Eaton Fair Shopping Centre, Tenancy 59, 2 Recreation Drive, Eaton WA 6232, Australia",Eaton,WA,+61897879408,-33.318724,115.716712,https://www.entertainment.com.au/offer-details/a627d95c-06fa-4183-985a-c6c37ba0a7d7
7a6123b4-7f19-4111-94f7-fbc14773bc28,Informal Dining and Takeaway,Takeaway,Baskin-Robbins,One 1 scoop waffle cone,"Buy one, get one free",One 1 SCOOP WAFFLE CONE when another 1 SCOOP WAFFLE CONE of equal or greater value is purchased,https://www.baskinrobbins.com.au/,,,"Shop T 51, Eaton Fair Shopping Centre, Council Drive, Eaton WA 6232, Australia",Eaton,WA,,-33.319218,115.716392,https://www.entertainment.com.au/offer-details/7a6123b4-7f19-4111-94f7-fbc14773bc28
8ceb4816-842f-4ccb-95f1-dfa8769b3194,Informal Dining and Takeaway,Takeaway,Adore Bakery & Patisserie,One loaf of bread,"Buy one, get one free",One complimentary LOAF OF BREAD when another LOAF OF BREAD of equal or greater value is purchased,https://www.facebook.com/AdoreBakeryAus,,,"Maddington Central, Shop 50, Burslem Drive & Attfield Street, Maddington WA 6109, Australia",Maddington,WA,+61865590440,-32.05402771225044,115.9779029118264,https://www.entertainment.com.au/offer-details/8ceb4816-842f-4ccb-95f1-dfa8769b3194
4e9d9370-587c-45fa-96f8-13ab30802d6d,Informal Dining and Takeaway,Takeaway,Adore Bakery & Patisserie,One pack of six bread rolls,"Buy one, get one free",One complimentary PACK OF SIX BREAD ROLLS when another PACK OF SIX BREAD ROLLS of equal or greater value is purchased,https://www.facebook.com/AdoreBakeryAus,,,"Maddington Central, Shop 50, Burslem Drive & Attfield Street, Maddington WA 6109, Australia",Maddington,WA,+61865590440,-32.05402771225044,115.9779029118264,https://www.entertainment.com.au/offer-details/4e9d9370-587c-45fa-96f8-13ab30802d6d
5c173064-743f-483f-9353-e1acd6aebc5a,Informal Dining and Takeaway,Takeaway,Adore Bakery & Patisserie,One pack of four scones,"Buy one, get one free",One complimentary PACK OF FOUR SCONES when another PACK OF FOUR SCONES of equal or greater value is purchased,https://www.facebook.com/AdoreBakeryAus,,,"Maddington Central, Shop 50, Burslem Drive & Attfield Street, Maddington WA 6109, Australia",Maddington,WA,+61865590440,-32.05402771225044,115.9779029118264,https://www.entertainment.com.au/offer-details/5c173064-743f-483f-9353-e1acd6aebc5a
0d33ae92-bdbf-41e5-a74f-5670df78589b,Informal Dining and Takeaway,Takeaway,Fresh Juice & Gelato,One one small coffee,"Buy one, get one free",One complimentary SMALL COFFEE when another SMALL COFFEE of equal or greater value is purchased,https://freshjuicebar.au/,,,"1382  Albany Highway, Cannington WA 6107, Australia",Cannington,WA,,-32.01725004792499,115.94185618446502,https://www.entertainment.com.au/offer-details/0d33ae92-bdbf-41e5-a74f-5670df78589b
df434be0-42bf-46a2-93d0-ae5ca3f9a7e7,Informal Dining and Takeaway,Takeaway,Fresh Juice & Gelato,One one small juice,"Buy one, get one free",One complimentary SMALL JUICE when another SMALL JUICE of equal or greater value is purchased,https://freshjuicebar.au/,,,"1382  Albany Highway, Cannington WA 6107, Australia",Cannington,WA,,-32.01725004792499,115.94185618446502,https://www.entertainment.com.au/offer-details/df434be0-42bf-46a2-93d0-ae5ca3f9a7e7
b1db0687-d841-4b1d-91cb-2147d48dfa55,Informal Dining and Takeaway,Takeaway,Fresh Juice & Gelato,One one single scoop of ice cream,"Buy one, get one free",One complimentary SINGLE SCOOP OF ICE CREAM when another SINGLE SCOOP OF ICE CREAM of equal or greater value is purchased,https://freshjuicebar.au/,,,"1382  Albany Highway, Cannington WA 6107, Australia",Cannington,WA,,-32.01725004792499,115.94185618446502,https://www.entertainment.com.au/offer-details/b1db0687-d841-4b1d-91cb-2147d48dfa55
c9f56697-c28c-406b-8beb-031ed7f279ad,Informal Dining and Takeaway,Takeaway,GoGo Hub,Up to $100,Enjoy 25% off,25% off any CATERING ORDER,https://gogohub.com.au/,,,"107 Aberdeen Street, Northbridge WA 6003, Australia",Northbridge,WA,+61433686019,-31.946089036984308,115.85768844447796,https://www.entertainment.com.au/offer-details/c9f56697-c28c-406b-8beb-031ed7f279ad
e4400d2b-255c-482e-b806-5a1706401b9b,Informal Dining and Takeaway,Takeaway,GoGo Hub,Up to $100,Enjoy 25% off,25% off the regular price of ANY ROOM HIRE,https://gogohub.com.au/,,,"107 Aberdeen Street, Northbridge WA 6003, Australia",Northbridge,WA,+61433686019,-31.946089036984308,115.85768844447796,https://www.entertainment.com.au/offer-details/e4400d2b-255c-482e-b806-5a1706401b9b
8acbf9ff-2175-4640-8821-15056cd9188a,Informal Dining and Takeaway,Takeaway,GoGo Hub,Up to $20,Enjoy 25% off,25% off the TOTAL BILL,https://gogohub.com.au/,,,"107 Aberdeen Street, Northbridge WA 6003, Australia",Northbridge,WA,+61433686019,-31.946089036984308,115.85768844447796,https://www.entertainment.com.au/offer-details/8acbf9ff-2175-4640-8821-15056cd9188a
1bfb0aa2-7255-4b15-b282-1fc1f47b4c6b,Informal Dining and Takeaway,Cafe,Cafe Monstella,One Gelato,"Buy one, get one free",One complimentary GELATO when another GELATO of equal or greater value is purchased,https://www.facebook.com/cafemonstella,,,"Dog Swamp Shopping Centre, 6 Wanneroo Road, Yokine WA 6060, Australia",Yokine,WA,,-31.910566614389516,115.84743661120655,https://www.entertainment.com.au/offer-details/1bfb0aa2-7255-4b15-b282-1fc1f47b4c6b
a746b89d-f3fb-4b6d-8a23-7b370b25f3a8,Informal Dining and Takeaway,Cafe,Cafe Monstella,One Coffee,"Buy one, get one free",One complimentary COFFEE when another COFFEE of equal or greater value is purchased,https://www.facebook.com/cafemonstella,,,"Dog Swamp Shopping Centre, 6 Wanneroo Road, Yokine WA 6060, Australia",Yokine,WA,,-31.910566614389516,115.84743661120655,https://www.entertainment.com.au/offer-details/a746b89d-f3fb-4b6d-8a23-7b370b25f3a8
1573764d-a29b-407c-aa82-a781b409f40b,Informal Dining and Takeaway,Cafe,Espressoul,Up to $20,Enjoy 25% off,25% off the TOTAL BILL,https://espressoulriverton.wixsite.com/espressoul-com-au,,,"Unit 4 / 477 Riverton Drive East, Riverton WA 6148, Australia",Riverton,WA,+61455507621,-32.032066469412726,115.90215294759646,https://www.entertainment.com.au/offer-details/1573764d-a29b-407c-aa82-a781b409f40b
ec1e3e69-849b-46fe-a740-402df72bd755,Informal Dining and Takeaway,Cafe,Espressoul,Up to $8,"Buy one, get one free",One complimentary COFFEE when another COFFEE of equal or greater value is purchased,https://espressoulriverton.wixsite.com/espressoul-com-au,,,"Unit 4 / 477 Riverton Drive East, Riverton WA 6148, Australia",Riverton,WA,+61455507621,-32.032066469412726,115.90215294759646,https://www.entertainment.com.au/offer-details/ec1e3e69-849b-46fe-a740-402df72bd755
59200412-14c2-4320-8231-09ca4f310b8d,Informal Dining and Takeaway,Cafe,Lawley's Bakery,One coffee,"Buy one, get one free",One complimentary COFFEE when another COFFEE of equal or greater value is purchased,https://lawleys.com.au/lawleys-fremantle/,,,"37 Truganina Road, Malaga WA 6090, Australia",Malaga,WA,+61892485666,-31.863142,115.884456,https://www.entertainment.com.au/offer-details/59200412-14c2-4320-8231-09ca4f310b8d
9515f0f6-00e2-42f7-a597-88cad14e1aca,Informal Dining and Takeaway,Cafe,Lawley's Bakery,One loaf of bread,"Buy one, get one free",One complimentary LOAF OF BREAD when another LOAF OF BREAD of equal or greater value is purchased,https://lawleys.com.au/lawleys-fremantle/,,,"37 Truganina Road, Malaga WA 6090, Australia",Malaga,WA,+61892485666,-31.863142,115.884456,https://www.entertainment.com.au/offer-details/9515f0f6-00e2-42f7-a597-88cad14e1aca
9231c2f7-fba6-461f-8d47-7ec93750edc4,Informal Dining and Takeaway,Mexican,Mochachos Mirrabooka Square,One double burger,"Buy one, get one free",one complimentary DOUBLE BURGER when another DOUBLE BURGER of equal or greater value is purchased,https://www.mochachos.com/,,,"Mirrabooka Square Shopping Centre, 43 Yirrigan Drive, Mirrabooka WA 6061, Australia",Mirrabooka,WA,+61893446166,-31.87127113210961,115.86173225764675,https://www.entertainment.com.au/offer-details/9231c2f7-fba6-461f-8d47-7ec93750edc4
b43c32e3-b46c-4a82-abee-ad42de1871f5,Informal Dining and Takeaway,Mexican,Mochachos Mirrabooka Square,Up to $20,Enjoy 25% off,25% off the TOTAL BILL,https://www.mochachos.com/,,,"Mirrabooka Square Shopping Centre, 43 Yirrigan Drive, Mirrabooka WA 6061, Australia",Mirrabooka,WA,+61893446166,-31.87127113210961,115.86173225764675,https://www.entertainment.com.au/offer-details/b43c32e3-b46c-4a82-abee-ad42de1871f5
4a95622f-706b-439f-bed1-dfb2b636ba2d,Informal Dining and Takeaway,Mexican,Mochachos Morley,One double burger,"Buy one, get one free",one complimentary DOUBLE BURGER when another DOUBLE BURGER of equal or greater value is purchased,https://www.mochachos.com/,,,"Morley Commercial Centre, 220 - 230 Walter Road, Morley WA 6062, Australia",Morley,WA,+61422265850,-31.896875647294042,115.89439874232703,https://www.entertainment.com.au/offer-details/4a95622f-706b-439f-bed1-dfb2b636ba2d
9809f614-a49d-43b7-b56b-39bcbb12c880,Informal Dining and Takeaway,Mexican,Mochachos Morley,Up to $20,Enjoy 25% off,25% off the TOTAL BILL,https://www.mochachos.com/,,,"Morley Commercial Centre, 220 - 230 Walter Road, Morley WA 6062, Australia",Morley,WA,+61422265850,-31.896875647294042,115.89439874232703,https://www.entertainment.com.au/offer-details/9809f614-a49d-43b7-b56b-39bcbb12c880
9e825faa-91e4-4740-9277-5120f22092f5,Informal Dining and Takeaway,Mexican,Mochachos Warwick Grove,One double burger,"Buy one, get one free",one complimentary DOUBLE BURGER when another DOUBLE BURGER of equal or greater value is purchased,https://www.mochachos.com/,,,"Warwick Grove Shopping Centre, 639 Beach Road, Warwick WA 6024, Australia",Warwick,WA,+61894474331,-31.844480446412817,115.80850485569519,https://www.entertainment.com.au/offer-details/9e825faa-91e4-4740-9277-5120f22092f5
82acf82a-c2f9-4303-98b7-8e9bb8b80cd1,Informal Dining and Takeaway,Mexican,Mochachos Warwick Grove,Up to $20,Enjoy 25% off,25% off the TOTAL BILL,https://www.mochachos.com/,,,"Warwick Grove Shopping Centre, 639 Beach Road, Warwick WA 6024, Australia",Warwick,WA,+61894474331,-31.844480446412817,115.80850485569519,https://www.entertainment.com.au/offer-details/82acf82a-c2f9-4303-98b7-8e9bb8b80cd1
cee5164e-d1ac-4a02-9e10-1e0591cdb584,Informal Dining and Takeaway,Mexican,Mochachos Westfield Carousel,One double burger,"Buy one, get one free",one complimentary DOUBLE BURGER when another DOUBLE BURGER of equal or greater value is purchased,https://www.mochachos.com/,,,"Westfield Carousel Shopping Centre (Food Court), 1382 Albany Highway, Cannington WA 6107, Australia",Cannington,WA,+61861622901,-32.01993173719899,115.9383205737371,https://www.entertainment.com.au/offer-details/cee5164e-d1ac-4a02-9e10-1e0591cdb584
7026096b-1812-48ac-9c1f-4968b729650f,Informal Dining and Takeaway,Mexican,Mochachos Westfield Carousel,Up to $20,Enjoy 25% off,25% off the TOTAL BILL,https://www.mochachos.com/,,,"Westfield Carousel Shopping Centre (Food Court), 1382 Albany Highway, Cannington WA 6107, Australia",Cannington,WA,+61861622901,-32.01993173719899,115.9383205737371,https://www.entertainment.com.au/offer-details/7026096b-1812-48ac-9c1f-4968b729650f
45576a43-afb8-40d9-a3b4-788a4117a7cb,Informal Dining and Takeaway,Cafe,Pump Kitchen,One smoothie,"Buy one, get one free",One complimentary SMOOTHIE when another SMOOTHIE of equal or greater value is purchased,https://www.pumpkitchen.com.au/,,,"Shop 2, 447 Cambridge Street, Floreat WA 6014, Australia",Floreat,WA,,-31.94095102005629,115.80103930364886,https://www.entertainment.com.au/offer-details/45576a43-afb8-40d9-a3b4-788a4117a7cb
4dadd57b-8a70-43ba-b3ac-70b28d10ad04,Informal Dining and Takeaway,Cafe,Pump Kitchen,Up to $20,Enjoy 25% off,25% off the TOTAL BILL,https://www.pumpkitchen.com.au/,,,"Shop 2, 447 Cambridge Street, Floreat WA 6014, Australia",Floreat,WA,,-31.94095102005629,115.80103930364886,https://www.entertainment.com.au/offer-details/4dadd57b-8a70-43ba-b3ac-70b28d10ad04
989d274e-93b6-4129-a075-42b1c4897271,Informal Dining and Takeaway,Mexican,Salsa's Fresh Mex ,One regular burrito or bowl combo,"Buy one, get one free",One complimentary REGULAR BURRITO COMBO or REGULAR BOWL COMBO,https://www.salsas.com.au,"Taking the Mex to the max, Salsa's Fresh Mex serves mouth-watering big, bold fl avours. Born from a love of fresh, wholesome ingredients, time-honoured traditions and authentic Mexican food, Salsa's is Australia's most craveable fresh Mex. Sample 14-hour slow-cook beef, pulled pork and specialty guac in their perfectly rolled burrito and tantalising tacos, with a side of crispy, crinkle cut chips. They guarantee it's a knock-out!",• One complimentary REGULAR BURRITO COMBO or REGULAR BOWL COMBO when another REGULAR BURRITO COMBO or REGULAR BOWL COMBO of equal or greater value is purchased,"Cockburn Gateway Shopping City, FC2, 816 Beeliar Drive, Success WA 6164, Australia",Success,WA,+61894143049,-32.131042,115.856558,https://www.entertainment.com.au/offer-details/989d274e-93b6-4129-a075-42b1c4897271
176cea1c-5995-49d1-8162-100a663d0a19,Informal Dining and Takeaway,Mexican,Salsa's Fresh Mex ,Up to $20,Enjoy 25% off,25% off the TOTAL BILL,https://www.salsas.com.au,,,"Cockburn Gateway Shopping City, FC2, 816 Beeliar Drive, Success WA 6164, Australia",Success,WA,+61894143049,-32.131042,115.856558,https://www.entertainment.com.au/offer-details/176cea1c-5995-49d1-8162-100a663d0a19
ff93afed-3c9d-47dd-877f-96026b19ba04,Informal Dining and Takeaway,Cafe,The Industrial Milkbar Cafe,One coffee,"Buy one, get one free",One complimentary COFFEE when another COFFEE of equal or greater value is purchased,,,,"Shop 4, 26  Kalamunda Road, South Guildford WA 6055, Australia",South Guildford,WA,,-31.911904670690255,115.96961443822791,https://www.entertainment.com.au/offer-details/ff93afed-3c9d-47dd-877f-96026b19ba04
1f919261-70fa-49c0-8c4d-88714bd678e5,Informal Dining and Takeaway,Cafe,The Industrial Milkbar Cafe,One Bacon and Egg Roll,"Buy one, get one free",One complimentary BACON AND EGG ROLL when another BACON AND EGG ROLL of equal or greater value is purchased,,,,"Shop 4, 26  Kalamunda Road, South Guildford WA 6055, Australia",South Guildford,WA,,-31.911904670690255,115.96961443822791,https://www.entertainment.com.au/offer-details/1f919261-70fa-49c0-8c4d-88714bd678e5
3ee42d11-1066-4e3e-b295-714a9a437406,Informal Dining and Takeaway,Cafe,The Milk Barrel,One SINGLE SCOOP CUP OR CONE,"Buy one, get one free",One complimentary SINGLE SCOOP CUP or CONE when another SINGLE SCOOP CUP or CONE of equal or greater value is purchased,https://hillarysboatharbour.com.au/whats-here/milk-barrel/,"Small batch artisanal gelato handcrafted from scratch using the finest ingredients and made fresh on-premises!  Gold Medal Winners at the Perth Dairy Food Awards. Winning 4 gold medals for their dark chocolate, Sicilian pistachio, banana and tiramisu. Gluten free options available, Vegan friendly, Vegetarian friendly. A must try if your heading to the marina.",• Not valid in conjunction with any other offer,"Shop 100B, 28 Southside Drive, Hillarys WA 6025, Australia",Hillarys,WA,,-31.825051688494547,115.74133931772707,https://www.entertainment.com.au/offer-details/3ee42d11-1066-4e3e-b295-714a9a437406
017d7f38-60b8-4c10-970e-3e16c403c293,Informal Dining and Takeaway,Cafe,The Milk Barrel,One HOT BEVERAGE,"Buy one, get one free",One complimentary HOT BEVERAGE when another HOT BEVERAGE of equal or greater value is purchased,https://hillarysboatharbour.com.au/whats-here/milk-barrel/,"Small batch artisanal gelato handcrafted from scratch using the finest ingredients and made fresh on-premises!  Gold Medal Winners at the Perth Dairy Food Awards. Winning 4 gold medals for their dark chocolate, Sicilian pistachio, banana and tiramisu. Gluten free options available, Vegan friendly, Vegetarian friendly. A must try if your heading to the marina.",• ( Not valid in conjunction with any other offer),"Shop 100B, 28 Southside Drive, Hillarys WA 6025, Australia",Hillarys,WA,,-31.825051688494547,115.74133931772707,https://www.entertainment.com.au/offer-details/017d7f38-60b8-4c10-970e-3e16c403c293
880a616f-c19a-459d-acfa-d07336acf6d7,Informal Dining and Takeaway,Cafe,Two Keys Coffee Boutique,25% off,Enjoy 25% off,25% off the regular price of any 1KG BAG OF 2 KEYS COFFEE BEANS,,,,"377 Oxford Street, Leederville WA 6016, Australia",Leederville,WA,+61419462588,-31.92466367586114,115.8409396,https://www.entertainment.com.au/offer-details/880a616f-c19a-459d-acfa-d07336acf6d7
24d57f57-15d1-45f3-9410-f52a36844212,Informal Dining and Takeaway,Cafe,Two Keys Coffee Boutique,One coffee,"Buy one, get one free",One complimentary COFFEE when another COFFEE of equal or greater value is purchased,,,,"377 Oxford Street, Leederville WA 6016, Australia",Leederville,WA,+61419462588,-31.92466367586114,115.8409396,https://www.entertainment.com.au/offer-details/24d57f57-15d1-45f3-9410-f52a36844212
d7df71af-a200-443e-a159-06ecb00dd88c,Informal Dining and Takeaway,Italian,Cibo! Cucina - Deli - Gelateria,"Up to Rp200,000",Enjoy 25% off,25% off the TOTAL BILL,https://cibobali.com/,,,"Jl. Subak Sari No.8, Badung Bali 80361, Indonesia",Badung,Bali,+6281236715490,-8.66379776960487,115.14655449698881,https://www.entertainment.com.au/offer-details/d7df71af-a200-443e-a159-06ecb00dd88c
de4e6554-d692-41a4-8c9c-89a1b8f261a6,Informal Dining and Takeaway,Cafe,DaRawNature Studio Gallery,One small coffee,"Buy one, get one free",One complimentary SMALL COFFEE when another SMALL COFFEE of equal or greater value is purchased,https://drnstudiogallery.com.au/,,,"5 Henry Street, Fremantle WA 6160, Australia",Fremantle,WA,+61893357434,-32.054712448004764,115.74365080975467,https://www.entertainment.com.au/offer-details/de4e6554-d692-41a4-8c9c-89a1b8f261a6
1f4d0ef3-249a-4fa5-84a2-23f47317dfa9,Informal Dining and Takeaway,Cafe,Nautical Bowls Australia,One bowl,"Buy one, get one free",One complimentary BOWL when another BOWL of equal or greater value is purchased,https://nauticalbowls.com.au/,,,"Unit 7, 160 Hampden Road, Nedlands WA 6009, Australia",Nedlands,WA,+61862855955,-31.972196248015393,115.81363397811505,https://www.entertainment.com.au/offer-details/1f4d0ef3-249a-4fa5-84a2-23f47317dfa9
7a2cd706-7857-4220-8363-084b09918cc0,Informal Dining and Takeaway,Cafe,That Plant Cafe,One coffee,"Buy one, get one free",One complimentary COFFEE when another COFFEE of equal or greater value is purchased,http://www.thatplantcafe.com/,,,"Unit 1, 2 Page Road, Kelmscott WA 6111, Australia",Kelmscott,WA,+61861920109,-32.110534929714134,116.01359440202388,https://www.entertainment.com.au/offer-details/7a2cd706-7857-4220-8363-084b09918cc0
9723ef58-ea12-4658-963e-03caed2a0175,Informal Dining and Takeaway,Cafe,Be Free Organics,Up to $5,"Buy one, get one free",One complimentary COFFEE when another COFFEE of equal or greater value is purchased,https://www.befreeorganics.com.au/,"Be Free is an upbeat cafe and store in Subiaco. We aim to provide as much variety and choice as possible for all things certified organic, wholesome, healthy and sustainable. Bringing you great vibes with all-day brunch, coffee, smoothies, fresh cold pressed juices as well as ready made grab and go meals all carefully curated by our chef and baristas.","• Entertainment’s dining offers are valid at all times throughout the year, except for a few days known as Optional Days. These days include: • All Official Australian Public Holidays • All Official New Zealand Public Holidays • Good Friday • Valentines Day • Mother’s Day • Father’s Day. All other Entertainment Offers are valid at all times.","9D/531 Hay Street, Subiaco WA 6008, Australia",Subiaco,WA,+61405425262,-31.955732235463515,115.86262120481021,https://www.entertainment.com.au/offer-details/9723ef58-ea12-4658-963e-03caed2a0175
1b9df6ff-82e8-44df-a7a5-f3d5be2f7c47,Informal Dining and Takeaway,Cafe,Echo Cafe,,"Buy one, get one free",One complimentary COFFEE when another COFFEE of equal or greater value is purchased,,,,"Currambine Central Shopping Centre, 1244 Marmion Avenue, Currambine WA 6028, Australia",Currambine,WA,,-31.741119404981067,115.73874097416616,https://www.entertainment.com.au/offer-details/1b9df6ff-82e8-44df-a7a5-f3d5be2f7c47
5d8c4079-2e7c-4206-9c02-a3f6206aead8,Informal Dining and Takeaway,Takeaway,The Exchange Brewing Co,One hot beverage,"Buy one, get one free",One complimentary HOT BEVERAGE when another HOT BEVERAGE of equal or greater value is purchased,https://www.exchangebrewingco.com.au/,,,"32 Harrogate Street, West Leederville WA 6007, Australia",West Leederville,WA,+61483199565,-31.941167,115.8406224,https://www.entertainment.com.au/offer-details/5d8c4079-2e7c-4206-9c02-a3f6206aead8
1ae6d1ac-f7a7-474f-8b11-5f8a027a535c,Informal Dining and Takeaway,Cafe,The Little Sweet Oak,One coffee,"Buy one, get one free",One complimentary COFFEE when another COFFEE of equal or greater value is purchased,,,,"Shop 10, 109 -141  Somerville Boulevard, Winthrop WA 6150, Australia",Winthrop,WA,+61861509465,-32.058676283762395,115.83184424962485,https://www.entertainment.com.au/offer-details/1ae6d1ac-f7a7-474f-8b11-5f8a027a535c
0aecddf7-ab6d-41c0-b5dc-5d35fc90c3cf,Informal Dining and Takeaway,Takeaway,Yahava Koffeeworks,One coffee,"Buy one, get one free",One complimentary COFFEE when another COFFEE of equal or greater value is purchased,https://www.yahava.com.au,,,"4752 West Swan Road, West Swan WA 6055, Australia",West Swan,WA,+61892508599,-31.854627,115.990791,https://www.entertainment.com.au/offer-details/0aecddf7-ab6d-41c0-b5dc-5d35fc90c3cf
0c4a259c-4dd4-4798-a542-5dfc3165c0d0,Informal Dining and Takeaway,Cafe,99 Shades of Green,One Coffee ,"Buy one, get one free",One COFFEE when another COFFEE of equal or greater value is purchased,https://www.facebook.com/profile.php?id=100063135375920,,,"111 St Georges Terrace, Perth WA 6000, Australia",Perth,WA,+61481818132,-31.95389415161329,115.8559687613764,https://www.entertainment.com.au/offer-details/0c4a259c-4dd4-4798-a542-5dfc3165c0d0
c74e461b-87ef-4fe7-b940-2e7dada95e21,Informal Dining and Takeaway,Japanese,Akira Japanese Cuisine,Up to $20,Enjoy 25% off,25% off the TOTAL BILL,,,," 5/74 South Terrace, Fremantle WA 6160, Australia",Fremantle,WA,,-32.0563310539589,115.74926142896516,https://www.entertainment.com.au/offer-details/c74e461b-87ef-4fe7-b940-2e7dada95e21
93707cde-b1b6-47bc-b019-38e754cf46ee,Informal Dining and Takeaway,Italian,Alkimos Pizza,One pizza,"Buy one, get one free",One complimentary PIZZA when another PIZZA of equal or greater value is purchased,http://www.alkimospizzaonline.com.au/,,,"The Gateway Shopping Precinct, Shop 15, 17 Turnstone Street, Alkimos WA 6038, Australia",Alkimos,WA,+61861667602,-31.6215093,115.6868903,https://www.entertainment.com.au/offer-details/93707cde-b1b6-47bc-b019-38e754cf46ee
7d91e5a1-4247-481d-95be-12b0d3fe3794,Informal Dining and Takeaway,Takeaway,Applecross Pizza,Up to $20,Enjoy 25% off,25% off the TOTAL BILL,https://www.applecrosspizza.com,"Applecross Pizza offers a wide range of freshly made pizzas, with an array of toppings to choose from. Gourmet or traditional pizzas available. Their authentic bread base pizzas are a musttry specialty for any pizza lover. Open 7 days a week from 5pm until late.",• dine-in or pick- up only,"36 Kearns Crescent, Applecross WA 6153, Australia",Applecross,WA,+61893161003,-32.019909,115.835459,https://www.entertainment.com.au/offer-details/7d91e5a1-4247-481d-95be-12b0d3fe3794
882720c7-e277-4148-a957-f89f1316ddd8,Informal Dining and Takeaway,Vietnamese,Baguette Me Not Allendale,Up to $20,Enjoy 25% off,25% off the TOTAL BILL,https://www.baguettemenot.com/,,,"Allendale Square, Shop 7, Underground/77 St Georges Terrace, Perth WA 6000, Australia",Perth,WA,+61400016577,-31.95573812427551,115.85811108221262,https://www.entertainment.com.au/offer-details/882720c7-e277-4148-a957-f89f1316ddd8
f0078592-b48d-4504-9da4-bfe84fadcf65,Informal Dining and Takeaway,Cafe,Bite Me by 24 Carat Catering,Up to $10,Enjoy 25% off,25% off the TOTAL BILL,,,,"1 Distinction Road, Wangara WA 6065, Australia",Wangara,WA,,-31.79479513452583,115.83570176725215,https://www.entertainment.com.au/offer-details/f0078592-b48d-4504-9da4-bfe84fadcf65
81f3ebef-4baf-4ea4-bed4-3bfc28177c8f,Informal Dining and Takeaway,Cafe,Black Salt,Up to $5,"Buy one, get one free",One complimentary COFFEE when another COFFEE of equal or greater value is purchased,https://blacksalt.net.au/,,,"22  Gwilliam Drive, Bibra Lake WA 6163, Australia",Bibra Lake,WA,+61414919984,-32.091624155282084,115.81913350001653,https://www.entertainment.com.au/offer-details/81f3ebef-4baf-4ea4-bed4-3bfc28177c8f
414ad08e-dca8-4d75-8290-06ae667cc441,Informal Dining and Takeaway,Cafe,Blue Butter Patisserie Cafe,One small coffee,"Buy one, get one free",One complimentary SMALL COFFEE when another SMALL COFFEE of equal or greater value is purchased,,,,"The Vale Shopping Centre, Shop 14, 271  Amherst Road, Canning Vale WA 6155, Australia",Canning Vale,WA,+61861851410,-32.08983679882371,115.94184817555,https://www.entertainment.com.au/offer-details/414ad08e-dca8-4d75-8290-06ae667cc441
1124043d-a3c6-46a6-9e3a-bd87f2b8ffac,Informal Dining and Takeaway,Cafe,Braddock’s Dispensary,One one coffee,"Buy one, get one free",One complimentary COFFEE when another COFFEE of equal or greater value is purchased,https://braddocksdispensary.com.au/,,,"180 Aberdeen Street, Northbridge WA 6003, Australia",Northbridge,WA,,-31.944244074473858,115.85432352732936,https://www.entertainment.com.au/offer-details/1124043d-a3c6-46a6-9e3a-bd87f2b8ffac
a7c4abaf-43da-47a2-a781-4f5c47aded03,Informal Dining and Takeaway,Cafe,Brewed,One small coffee,"Buy one, get one free",One complimentary SMALL COFFEE when another SMALL COFFEE of equal or greater value is purchased,,,,"318 Spencer Road, Thornlie WA 6108, Australia",Thornlie,WA,,-32.05590247668462,115.96229346422416,https://www.entertainment.com.au/offer-details/a7c4abaf-43da-47a2-a781-4f5c47aded03
143801b6-a73b-4a1d-ab19-7c94732a868a,Informal Dining and Takeaway,Takeaway,Broadway Pizza,Up to $20,Enjoy 25% off,25% off the TOTAL BILL,https://www.broadwaypizza.com.au,Broadway Pizza's specialty is authentic bread bases – a must for pizza lovers. Choose from a wide range of toppings made from the freshest ingredients. Perfectly positioned near the Nedlands foreshore. Ideal for a quick and easy meal at the Somerville outdoor cinema. Open 7 days – until 1am weekdays – until 2am Friday and Saturday,"• (Valid for dine-in and pick-up only)
• For phone orders only ( not to be used when ordering online)","165 Broadway, Nedlands WA 6009, Australia",Nedlands,WA,+61893898500,-31.988111,115.814954,https://www.entertainment.com.au/offer-details/143801b6-a73b-4a1d-ab19-7c94732a868a
f1ebcb8a-6aed-4dc6-85b5-a0ef0c0c22fd,Informal Dining and Takeaway,Cafe,Cafe Atti,One coffee,"Buy one, get one free",One complimentary COFFEE when another COFFEE of equal or greater value is purchased,,,,"Unit 2, 9 De Vlamingh Avenue, East Perth WA 6004, Australia",East Perth,WA,,-31.96050792749916,115.87618851120166,https://www.entertainment.com.au/offer-details/f1ebcb8a-6aed-4dc6-85b5-a0ef0c0c22fd
6f76c6eb-4816-4a60-9731-1ea65a6ee780,Informal Dining and Takeaway,Cafe,Cafe De Como,One small coffee,"Buy one, get one free",One complimentary SMALL COFFEE when another SMALL COFFEE of equal or greater value is purchased,,,,"370A  Canning Highway, Como WA 6152, Australia",Como,WA,,-31.99664708526854,115.86430042813925,https://www.entertainment.com.au/offer-details/6f76c6eb-4816-4a60-9731-1ea65a6ee780
c8fd4d12-7fb4-4a22-8dc9-3d245ad51bdb,Informal Dining and Takeaway,Cafe,Cafe Eighty2,Up to $25,Enjoy 25% off,25% off the TOTAL BILL,,,,"953 Albany Highway, East Victoria Park WA 6101, Australia",East Victoria Park,WA,,-31.98959093708926,115.90684014003836,https://www.entertainment.com.au/offer-details/c8fd4d12-7fb4-4a22-8dc9-3d245ad51bdb
859b57d6-09eb-4f56-9505-2de6fb6f04d1,Informal Dining and Takeaway,Cafe,Caffissimo,One coffee,"Buy one, get one free",One complimentary COFFEE when another COFFEE of equal or greater value is purchased,https://www.caffissimo.com.au,,,"Jull Street, Armadale WA 6112, Australia",Armadale,WA,+61893998888,-32.150287,116.017774,https://www.entertainment.com.au/offer-details/859b57d6-09eb-4f56-9505-2de6fb6f04d1
3f3be4d2-d746-4e39-83e7-1b4d86c1b49a,Informal Dining and Takeaway,Cafe,Cakespresso,One coffee,"Buy one, get one free",One complimentary COFFEE when another COFFEE of equal or greater value is purchased,,,,"30 Loch Street, Nedlands WA 6009, Australia",Nedlands,WA,+61480567998,-31.977697305138953,115.7915906893646,https://www.entertainment.com.au/offer-details/3f3be4d2-d746-4e39-83e7-1b4d86c1b49a
46d55a07-f181-4a9c-a7fa-30fc851e692f,Informal Dining and Takeaway,International,Cave Man BBQ Armadale,Up to $30,Enjoy 25% off,25% off the TOTAL BILL,http://www.facebook.com/CaveManBBQArmadale,,,"Armadale Central Shopping Centre, 193 Jull Street, Armadale WA 6112, Australia",Armadale,WA,,-32.15177897962266,116.01523567216078,https://www.entertainment.com.au/offer-details/46d55a07-f181-4a9c-a7fa-30fc851e692f
ae85c8ab-1b6e-4d4f-a8e9-4d37427f9499,Informal Dining and Takeaway,International,Cave Man BBQ Port Kennedy,Up to $30,Enjoy 25% off,25% off the TOTAL BILL,https://m.facebook.com/CaveManBBQAustralia/,,,"1/369 Warnbro Sound Avenue, Port Kennedy WA 6172, Australia",Port Kennedy,WA,+61895275392,-32.36551160420724,115.75646867406685,https://www.entertainment.com.au/offer-details/ae85c8ab-1b6e-4d4f-a8e9-4d37427f9499
32d6d139-49da-40b7-a456-026a06f0c886,Informal Dining and Takeaway,Cafe,Chairo Cafe,One coffee,"Buy one, get one free",One COFFEE when another COFFEE of equal or greater value is purchased,,,,"166B Scarborough Beach Road, Mount Hawthorn WA 6016, Australia",Mount Hawthorn,WA,,-31.921074063447154,115.83847503845637,https://www.entertainment.com.au/offer-details/32d6d139-49da-40b7-a456-026a06f0c886
dd72fbc8-d0e8-4436-803f-601111696906,Informal Dining and Takeaway,Italian,Ciao Italia Express,Up to $20,Enjoy 25% off,25% off the TOTAL BILL,https://ciaoitaliaexpress.com.au/,We follow the most traditional recipes from watching mamma prepare hearty Italian food. We only source fresh local ingredients and import the best Italian flour and tomatoes for our recipes. We always strive to provide the best service cooking your food from scratch and valuing your time.,• Valid for takeaway only,"17a/1-7 Marshall Road, Myaree WA 6154, Australia",Myaree,WA,+61864606189,-32.04571157181052,115.81866053845965,https://www.entertainment.com.au/offer-details/dd72fbc8-d0e8-4436-803f-601111696906
674ff2ee-8505-4343-aa77-5c4ad61f0de8,Informal Dining and Takeaway,Cafe,Coffee Time by Polly,One small coffee,"Buy one, get one free",One complimentary SMALL COFFEE when another SMALL COFFEE of equal or greater value is purchased,,,,"30  Brook Road, Wattle Grove WA 6107, Australia",Wattle Grove,WA,,-32.008817715906304,115.99119239754103,https://www.entertainment.com.au/offer-details/674ff2ee-8505-4343-aa77-5c4ad61f0de8
3a4738b1-f0f5-4982-af7d-5c4b62a44fc8,Informal Dining and Takeaway,Cafe,Cookie Loaded,Up to $25,Enjoy 25% off,25% off the TOTAL BILL,https://www.cookieloaded.com.au/,,,"Shop 37 / 148  Scarborough Beach Road, Mount Hawthorn WA 6016, Australia",Mount Hawthorn,WA,,-31.921408714972795,115.83916847011544,https://www.entertainment.com.au/offer-details/3a4738b1-f0f5-4982-af7d-5c4b62a44fc8
9a917960-831d-418e-bb83-3afc99c9bcc6,Informal Dining and Takeaway,Takeaway,Corner On Tenth (C10),Up to $25,Enjoy 25% off,25% off the TOTAL BILL,,"A Café, Tobacconist & a Grocery shop all in one. If you’re looking to buy a cup of coffee, bite to eat or to get your groceries or tobacco, we are conveniently located at the corner of Tenth. Come thru","• Offers only valid for Cafe
• Not for grocery items","Unit 6/2  Tenth Ave, Maylands WA 6051, Australia",Maylands,WA,+61865070890,-31.9261548719393,115.89328210783235,https://www.entertainment.com.au/offer-details/9a917960-831d-418e-bb83-3afc99c9bcc6
74f43799-1d6f-4074-8e2e-a70aef4409bc,Informal Dining and Takeaway,Takeaway,Dancing Duck & Co,One coffee,"Buy one, get one free",One complimentary COFFEE when another COFFEE of equal or greater value is purchased,https://www.facebook.com/dancingduckco/,,,"Crimea Street, Morley WA 6062, Australia",Morley,WA,,-31.8856077,115.9050046,https://www.entertainment.com.au/offer-details/74f43799-1d6f-4074-8e2e-a70aef4409bc
40685a35-4851-4040-85cf-2a45dd77b7c1,Informal Dining and Takeaway,Italian,Dough Boys Kinross,One 13 inch pizza,"Buy one, get one free",One complimentary CLASSIC or PREMIUM 13 INCH PIZZA when another CLASSIC or PREMIUM 13 INCH PIZZA of equal or greater value is purchased,https://www.doughboyskinross.com.au/,,,"Shop 12/3  Selkirk Drive  Kinross Central, Kinross WA 6028, Australia",Kinross,WA,+61864013554,-31.718439796604574,115.7415403680997,https://www.entertainment.com.au/offer-details/40685a35-4851-4040-85cf-2a45dd77b7c1
de04e490-4a95-4260-a507-566fc5e2acd2,Informal Dining and Takeaway,Cafe,Floreat Cafe,One one coffee,"Buy one, get one free",One COFFEE when another COFFEE of equal or greater value is purchased,https://www.floreatcafe.com.au/,,,"Shop 73, 5 Howtree Place, Floreat WA 6014, Australia",Floreat,WA,,-31.939216948797682,115.79288363455665,https://www.entertainment.com.au/offer-details/de04e490-4a95-4260-a507-566fc5e2acd2
5fedc4e7-1e1f-4994-809f-8b0aa8569d4f,Informal Dining and Takeaway,Takeaway,Freddie Strudels,Up to $15,Enjoy 25% off,25% off the TOTAL BILL,https://www.freddiestrudels.com.au/,"The two promises we would like to keep are, serving the most superior strudels in town, and to provide the best service we can to our customers. We want you to feel at home the moment you walk into our shop.","• Offer does not apply to Platters, Hamper and Set Meals","193 Brisbane Street, Perth WA 6000, Australia",Perth,WA,+61861114181,-31.942143230519108,115.86095712839618,https://www.entertainment.com.au/offer-details/5fedc4e7-1e1f-4994-809f-8b0aa8569d4f
e135ab23-dfce-49a1-9bbf-f10dcb5d4750,Informal Dining and Takeaway,Cafe,Fresh Brew Mobile Coffee,One coffee,"Buy one, get one free",One complimentary COFFEE when another COFFEE of equal or greater value is purchased,https://freshbrews.com.au/,,,,,,,,,https://www.entertainment.com.au/offer-details/e135ab23-dfce-49a1-9bbf-f10dcb5d4750
eacacd9e-82a4-4b38-82dd-0dc2dcb06daa,Informal Dining and Takeaway,Dessert,Fry'd,One scoop of gelato,"Buy one, get one free",One complimentary SCOOP OF GELATO when another SCOOP OF GELATO of equal or greater value is purchased.,https://www.frydmt.com/,,,"138B Oxford Street, Leederville WA 6007, Australia",Leederville,WA,,-31.936979166787296,115.84139099771537,https://www.entertainment.com.au/offer-details/eacacd9e-82a4-4b38-82dd-0dc2dcb06daa
20f7023d-735d-4d76-8c4f-0f568bfd7a9d,Informal Dining and Takeaway,Takeaway,Goreng Goreng Takeaway,Up to $20,"Buy one, get one free",One complimentary MAIN MENU ITEM when another MAIN MENU ITEM of equal or greater value is purchased,https://www.gorenggoreng.com.au/,,,"75 Walcott Street, Mount Lawley WA 6050, Australia",Mount Lawley,WA,+61893282811,-31.934095,115.871838,https://www.entertainment.com.au/offer-details/20f7023d-735d-4d76-8c4f-0f568bfd7a9d
4d873018-c395-4711-b264-13a0819f0902,Informal Dining and Takeaway,Cafe,Gourmet Republik,Up to $50,Enjoy 25% off,25% off the TOTAL BILL,https://gourmetrepublik.com.au/,,,"Claremont Quarter Kiosk 4A, 9 Bayview Terrace, Claremont WA 6010, Australia",Claremont,WA,+61893841880,-31.982297,115.779631,https://www.entertainment.com.au/offer-details/4d873018-c395-4711-b264-13a0819f0902
056b580f-6e88-45f6-9866-b95be4e50e02,Informal Dining and Takeaway,Cafe,Grass Tree Cafe,Up to $25,Enjoy 25% off,25% off the TOTAL BILL,,,,"108 Princess Road, Balga WA 6061, Australia",Balga,WA,,-31.856197761166534,115.83811173500246,https://www.entertainment.com.au/offer-details/056b580f-6e88-45f6-9866-b95be4e50e02
081743a2-c4d8-49e7-ab05-b606599450bc,Informal Dining and Takeaway,Takeaway,Green on the go,Up to $20,Enjoy 25% off,25% off the TOTAL BILL,,,,"2664 Albany Hwy, Kelmscott WA 6111, Australia",Kelmscott,WA,,-32.105913889314344,116.0131674316762,https://www.entertainment.com.au/offer-details/081743a2-c4d8-49e7-ab05-b606599450bc
f6dd6f51-4b1e-48a0-b709-6cfe957a4883,Informal Dining and Takeaway,Takeaway,Hero's Pizza,Up to $20,Enjoy 25% off,25% off the TOTAL BILL,https://www.herospizza.com.au,,,"Corner Canning Highway and Henley Street, Como WA 6152, Australia",Como,WA,+61894504884,-32.005932,115.858954,https://www.entertainment.com.au/offer-details/f6dd6f51-4b1e-48a0-b709-6cfe957a4883
14d1c6f6-f494-422e-bd32-bf9fc304735c,Informal Dining and Takeaway,Italian,Il Locale Pizza Busselton,One margherita pizza,"Buy one, get one free",One complimentary MARGHERITA PIZZA when another MARGHERITA PIZZA of equal or greater value is purchased,https://www.illocalepizza.com.au/,,,"Shop 5, Busselton Shopping Centre, 65 Kent Street, Busselton WA 6280, Australia",Busselton,WA,,-33.64925135766145,115.34538203011786,https://www.entertainment.com.au/offer-details/14d1c6f6-f494-422e-bd32-bf9fc304735c
b851c31d-9417-445a-839e-aae7acd60562,Informal Dining and Takeaway,Cafe,Impresso Roastery,One coffee,"Buy one, get one free",One complimentary COFFEE when another COFFEE of equal or greater value is purchased,http://www.impressoroastery.com/,,,"3/115 Cambridge Street, West Leederville WA 6007, Australia",West Leederville,WA,+61450080904,-31.940842,115.833631,https://www.entertainment.com.au/offer-details/b851c31d-9417-445a-839e-aae7acd60562
5b49715e-663d-49d3-bc1d-1c5f317429ca,Informal Dining and Takeaway,Japanese,J Panda Eatery,Up to $20,Enjoy 25% off,25% off the TOTAL BILL,http://www.joykitchen.com.au/,,,"24/219 Hampton Road, South Fremantle WA 6162, Australia",South Fremantle,WA,+61861142409,-32.073792634931266,115.75901600562435,https://www.entertainment.com.au/offer-details/5b49715e-663d-49d3-bc1d-1c5f317429ca
1c1e7680-d99b-46a2-a9c0-30ccfa08cc37,Informal Dining and Takeaway,Takeaway,Java Juice,One regular java juice,"Buy one, get one free",One complimentary REGULAR JAVA JUICE when another REGULAR JAVA JUICE of equal or greater value is purchased,https://www.javajuice.com.au/,,,"267 Murray Street Mall, Perth WA 6000, Australia",Perth,WA,+61892261894,-31.952467,115.857546,https://www.entertainment.com.au/offer-details/1c1e7680-d99b-46a2-a9c0-30ccfa08cc37
652c8757-c744-4b72-ae20-6946b18a6d6f,Informal Dining and Takeaway,International,Kalahari Wanneroo Cafe,One coffee,"Buy one, get one free",One complimentary COFFEE when another COFFEE of equal or greater value is purchased,,,,"617 Wanneroo Road, Wanneroo WA 6065, Australia",Wanneroo,WA,+61894046365,-31.780828,115.807997,https://www.entertainment.com.au/offer-details/652c8757-c744-4b72-ae20-6946b18a6d6f
15d3f515-03cb-4dfa-9b92-0c563a38feba,Informal Dining and Takeaway,Takeaway,Kick Start Cannington,One power tea,"Buy one, get one free",One complimentary POWER TEA when another POWER TEA of equal or greater value is purchased,,,,"17 Pattie Street, Cannington WA 6107, Australia",Cannington,WA,+61438098232,-32.01623640953157,115.93650940613642,https://www.entertainment.com.au/offer-details/15d3f515-03cb-4dfa-9b92-0c563a38feba
5148c9f2-a04f-4ac4-96d9-a5c53a71a4a0,Informal Dining and Takeaway,Cafe,La Bomb Cookies,Up to $10,Enjoy 25% off,25% off the TOTAL BILL,https://www.labombcookies.com.au/,,,"3/7 Station Street, Cottesloe WA 6011, Australia",Cottesloe,WA,+61438274174,-31.997247828679143,115.7615133995281,https://www.entertainment.com.au/offer-details/5148c9f2-a04f-4ac4-96d9-a5c53a71a4a0
5f045489-523b-49c4-b47e-ba0dad942445,Informal Dining and Takeaway,Takeaway,LA Moon,Up to $6,"Buy one, get one free",One complimentary COFFEE when another COFFEE of equal or greater value is purchased,,"A little suburban gem, LA Moon has gained a bit of a following from locals looking for a great breakfast some brunch or lunch on the run and of course really good coffee. A cool little spot with good service and great food. Furry friends are also more than welcome. Open Tuesday to Sunday for breakfast, lunch and coffee.","• Entertainment’s dining offers are valid at all times throughout the year, except for a few days known as Optional Days. These days include: • All Official Australian Public Holidays • All Official New Zealand Public Holidays • Good Friday • Valentines Day • Mother’s Day • Father’s Day. All other Entertainment Offers are valid at all times.","Shop 5/134 Le Souef Drive, Kardinya WA 6163, Australia",Kardinya,WA,+61412544940,-32.059901180707776,115.81132382698968,https://www.entertainment.com.au/offer-details/5f045489-523b-49c4-b47e-ba0dad942445
024f455c-4ca8-45ab-9411-0b0a93d555e5,Informal Dining and Takeaway,Cafe,Love Street Coffee,One coffee,"Buy one, get one free",One complimentary COFFEE when another COFFEE of equal or greater value is purchased,,,,"9 Love Street, Cloverdale WA 6105, Australia",Cloverdale,WA,,-31.955402605833314,115.94704999770956,https://www.entertainment.com.au/offer-details/024f455c-4ca8-45ab-9411-0b0a93d555e5
47f3ccc3-8e1f-4025-b0cc-9ecd178e6508,Informal Dining and Takeaway,Japanese,Maru Neko,Up to $20,Enjoy 25% off,25% off the TOTAL BILL,https://www.maruneko.com.au/,,,"Midvale Central, Shop 6A, 227 Morrison Road, Midvale WA 6056, Australia",Midvale,WA,+61493717824,-31.885025480552972,116.0308633846603,https://www.entertainment.com.au/offer-details/47f3ccc3-8e1f-4025-b0cc-9ecd178e6508
5fb210d5-ac28-421f-9cae-c0f0d32f7214,Informal Dining and Takeaway,Italian,Mi Amore Pasta- Alexander Heights,Up to $20,Enjoy 25% off,25% off the TOTAL BILL,,"Mi Amore Pasta is a pasta-focused restaurant in Alexander Heights Shopping Centre. Menu highlights include a variety of family-sized pasta dishes such as Carbonara and Chicken Alfredo, alongside a selection of sides like Garlic Bread and Mozzarella Sticks","• Pick up only
• MUST ORDER BY PHONE (08) 6161 9636 - PLEASE MENTION ENTERTAINMENT OFFER WHEN ORDERING","Alexander Heights Shopping Centre, 30 Cnr Mirrabooka Avenue & Griffon Way, Alexander Heights WA 6064, Australia",Alexander Heights,WA,,-31.82989908293506,115.85372155120028,https://www.entertainment.com.au/offer-details/5fb210d5-ac28-421f-9cae-c0f0d32f7214
d24ed6a9-ebc1-47e0-98f7-1e5b6ac77d02,Informal Dining and Takeaway,Italian,Mi Amore Pasta- Cloverdale,Up to $20,Enjoy 25% off,25% off the TOTAL BILL,,"Mi Amore Pasta is a pasta-focused restaurant in Belmont Shopping Area. Menu highlights include a variety of family-sized pasta dishes such as Carbonara and Chicken Alfredo, alongside a selection of sides like Garlic Bread and Mozzarella Sticks","• Pick up only
• MUST ORDER BY PHONE (08) 9277 8606 - PLEASE MENTION ENTERTAINMENT OFFER WHEN ORDERING","268 Belmont Avenue, Cloverdale WA 6105, Australia",Cloverdale,WA,,-31.966824157048176,115.93445850350575,https://www.entertainment.com.au/offer-details/d24ed6a9-ebc1-47e0-98f7-1e5b6ac77d02
4d982633-6266-4f7c-be6e-9d3fdba6ceb7,Informal Dining and Takeaway,Takeaway,Mondo Nougat,One 45g nougat bar and a regular coffee,"Buy one, get one free",One complimentary 45g NOUGAT BAR AND A REGULAR COFFEE when another 45g NOUGAT BAR AND A REGULAR COFFEE of equal or greater value is purchased,https://www.mondonougat.com.au,,,"640 Great Northern Highway, Herne Hill WA 6056, Australia",Herne Hill,WA,+61892960111,-31.83741,116.015969,https://www.entertainment.com.au/offer-details/4d982633-6266-4f7c-be6e-9d3fdba6ceb7
46a2e741-d95c-40c8-a779-fcea2ba32b3b,Informal Dining and Takeaway,Cafe,Mopoke Coffee,Up to $20,Enjoy 25% off,25% off the TOTAL BILL,,,,"162 Alexander Drive, Dianella WA 6059, Australia",Dianella,WA,,-31.89459427268366,115.87094648421619,https://www.entertainment.com.au/offer-details/46a2e741-d95c-40c8-a779-fcea2ba32b3b
27dc60bc-2896-4633-8f6b-be68f037c196,Informal Dining and Takeaway,Cafe,Mr. Outdoors Coffee Co,Up to $20,Enjoy 25% off,25% off the TOTAL BILL,https://mroutdoorscoffee.com.au/,,,"Shop 5, 2944 Albany Hwy, Kelmscott WA 6111, Australia",Kelmscott,WA,+6180413014720,-32.12211498744656,116.01807371790419,https://www.entertainment.com.au/offer-details/27dc60bc-2896-4633-8f6b-be68f037c196
5d243bc7-a089-4285-8dce-9b65b9f3bee9,Informal Dining and Takeaway,Middleeastern,Oriental Breeze Restaurant,Up to $20,Enjoy 25% off,25% off the TOTAL BILL,https://orientalbreezerestaurant.com.au/,,,"Shop 8-9/241 Newcastle Street, Northbridge WA 6003, Australia",Northbridge,WA,+61468967611,-31.945552766089005,115.8592804741874,https://www.entertainment.com.au/offer-details/5d243bc7-a089-4285-8dce-9b65b9f3bee9
a7c3a9b3-fc9f-4ac5-9edf-3f1ac7d8cfd7,Informal Dining and Takeaway,Cafe,PAGE7 Cafe,Up to $25,Enjoy 25% off,25% off the TOTAL BILL,,,,"City of Perth Library, Ground Floor, 573 Hay Street, Perth WA 6000, Australia",Perth,WA,,-31.955019890413826,115.86122082469352,https://www.entertainment.com.au/offer-details/a7c3a9b3-fc9f-4ac5-9edf-3f1ac7d8cfd7
b7768b9f-ba54-4d99-b040-c72197fe9bb0,Informal Dining and Takeaway,Italian,Pasta Hub - Jindalee,Up to $35,Enjoy 25% off,25% off the TOTAL BILL,https://pastahub.com.au/,,,"U7/6 Jindalee Blvd, Jindalee WA 6036, Australia",Jindalee,WA,+61895029342,-31.649272,115.695937,https://www.entertainment.com.au/offer-details/b7768b9f-ba54-4d99-b040-c72197fe9bb0
e7518809-4dbc-4687-b073-531b7dffcddc,Informal Dining and Takeaway,Italian,Pasta Hub Yanchep,Up to $25,Enjoy 25% off,25% off the TOTAL BILL,https://www.pastahub.com.au/,"At Pastahub we’re a local WA-owned business that are dedicated to bringing you a simple yet delicious, good bowl of pasta. Handcrafted and handmade, we’ve been perfecting the art of pasta since 2008.All of our pasta from penne to fettucine is made fresh and right in-store, everyday!","• Avaliable for PICK UP ONLY
• Entertainment’s dining offers are valid at all times throughout the year, except for a few days known as Optional Days. These days include: • All Official Australian Public Holidays • All Official New Zealand Public Holidays • Good Friday • Valentines Day • Mother’s Day • Father’s Day. All other Entertainment Offers are valid at all times.","2 Peony Boulevard, Yanchep WA 6035, Australia",Yanchep,WA,+61862561444,-31.550065372493943,115.63918637394009,https://www.entertainment.com.au/offer-details/e7518809-4dbc-4687-b073-531b7dffcddc
e224012b-6d3a-48c4-87dd-0ad2fc8b6f26,Informal Dining and Takeaway,Takeaway,Pastacup Baldivis,Up to $20,Enjoy 25% off,25% off the TOTAL BILL,https://www.pastacup.com.au/,"Hand made fresh pasta where quality meets convenience, Pastacup lets diners choose their style of pasta, sauce and all the extra ingredients to make your meal special. Too much choice? Their menu makes it easy to find your next favourite dish. At Pastacup they love food and they can’t wait to share their delicious menu with you. From penne to pappardelle, Pastacup has it all.",• Offer not valid for delivery,"20 Settlers Ave, Baldivis WA 6171, Australia",Baldivis,WA,+61895076045,-32.33289126153881,115.81416128466032,https://www.entertainment.com.au/offer-details/e224012b-6d3a-48c4-87dd-0ad2fc8b6f26
19394cfc-0fbe-4af9-b10e-cc45d4f1072e,Informal Dining and Takeaway,Takeaway,Pastacup Beldon,Up to $20,Enjoy 25% off,25% off the TOTAL BILL,https://www.pastacup.com.au/,"Hand made fresh pasta where quality meets convenience, Pastacup lets diners choose their style of pasta, sauce and all the extra ingredients to make your meal special. Too much choice? Their menu makes it easy to find your next favourite dish. At Pastacup they love food and they can’t wait to share their delicious menu with you. From penne to pappardelle, Pastacup has it all.",• Offer not valid for delivery,"Shop 7B, 36 Gwendoline Drive, Beldon WA 6027, Australia",Beldon,WA,,-31.76962594717958,115.76575346070037,https://www.entertainment.com.au/offer-details/19394cfc-0fbe-4af9-b10e-cc45d4f1072e
88958dd2-42d9-4ff3-8378-54f768e73bdb,Informal Dining and Takeaway,Takeaway,Pastacup Brabham,Up to $20,Enjoy 25% off,25% off the TOTAL BILL,https://www.pastacup.com.au/,"Hand made fresh pasta where quality meets convenience, Pastacup lets diners choose their style of pasta, sauce and all the extra ingredients to make your meal special. Too much choice? Their menu makes it easy to find your next favourite dish. At Pastacup they love food and they can’t wait to share their delicious menu with you. From penne to pappardelle, Pastacup has it all.",• Offer not valid for delivery,"3 Marvel Entrance, Henley Brook WA 6055, Australia",Henley Brook,WA,,-31.832829827332965,115.96760142463596,https://www.entertainment.com.au/offer-details/88958dd2-42d9-4ff3-8378-54f768e73bdb
c02a2590-9820-46e6-87bd-9e65aaf5714d,Informal Dining and Takeaway,Takeaway,Pastacup Canningvale,Up to $20,Enjoy 25% off,25% off the TOTAL BILL,https://www.pastacup.com.au/,"Hand made fresh pasta where quality meets convenience, Pastacup lets diners choose their style of pasta, sauce and all the extra ingredients to make your meal special. Too much choice? Their menu makes it easy to find your next favourite dish. At Pastacup they love food and they can’t wait to share their delicious menu with you. From penne to pappardelle, Pastacup has it all.",• Offer not valid for delivery,"Shop 4, 214 Campbell Road, Canningvale WA 6155, Australia",Canningvale,WA,+61863170950,-32.09399836844437,115.92562879428584,https://www.entertainment.com.au/offer-details/c02a2590-9820-46e6-87bd-9e65aaf5714d
d8590ad7-d2d2-4dff-8446-637ec7657b39,Informal Dining and Takeaway,Takeaway,Pastacup Clarkson,Up to $20,Enjoy 25% off,25% off the TOTAL BILL,https://www.pastacup.com.au/,"Hand made fresh pasta where quality meets convenience, Pastacup lets diners choose their style of pasta, sauce and all the extra ingredients to make your meal special. Too much choice? Their menu makes it easy to find your next favourite dish. At Pastacup they love food and they can’t wait to share their delicious menu with you. From penne to pappardelle, Pastacup has it all.",• Offer not valid for delivery,"Clarkson Shopping Centre, 8/30 Ainsbury Parade, Clarkson WA 6030, Australia",Clarkson,WA,+61893052815,-31.67844271662389,115.71690154776945,https://www.entertainment.com.au/offer-details/d8590ad7-d2d2-4dff-8446-637ec7657b39
deef0112-1ceb-4a30-9a22-509558ac4c08,Informal Dining and Takeaway,Takeaway,Pastacup Cockburn Central,Up to $20,Enjoy 25% off,25% off the TOTAL BILL,https://www.pastacup.com.au/,"Hand made fresh pasta where quality meets convenience, Pastacup lets diners choose their style of pasta, sauce and all the extra ingredients to make your meal special. Too much choice? Their menu makes it easy to find your next favourite dish. At Pastacup they love food and they can’t wait to share their delicious menu with you. From penne to pappardelle, Pastacup has it all.",• Offer not valid for delivery,"Shop 7C, 817 Beeliar Drive, Cockburn WA 6164, Australia",Cockburn,WA,+61894149934,-32.12785010247136,115.85531300794356,https://www.entertainment.com.au/offer-details/deef0112-1ceb-4a30-9a22-509558ac4c08
367f8fe7-a471-4162-a7e1-328eae6b8613,Informal Dining and Takeaway,Takeaway,Pastacup Girrawheen,Up to $20,Enjoy 25% off,25% off the TOTAL BILL,https://www.pastacup.com.au/,"Hand made fresh pasta where quality meets convenience, Pastacup lets diners choose their style of pasta, sauce and all the extra ingredients to make your meal special. Too much choice? Their menu makes it easy to find your next favourite dish. At Pastacup they love food and they can’t wait to share their delicious menu with you. From penne to pappardelle, Pastacup has it all.",• Offer not valid for delivery,"32 Balgonie Avenue, Girrawheen WA 6064, Australia",Girrawheen,WA,,-31.836558420330828,115.82937161837512,https://www.entertainment.com.au/offer-details/367f8fe7-a471-4162-a7e1-328eae6b8613
b05eea27-3278-4c15-897f-00b22dd275d9,Informal Dining and Takeaway,Takeaway,Pastacup Haynes,Up to $20,Enjoy 25% off,25% off the TOTAL BILL,https://www.pastacup.com.au/,"Hand made fresh pasta where quality meets convenience, Pastacup lets diners choose their style of pasta, sauce and all the extra ingredients to make your meal special. Too much choice? Their menu makes it easy to find your next favourite dish. At Pastacup they love food and they can’t wait to share their delicious menu with you. From penne to pappardelle, Pastacup has it all",• Offer not valid for delivery,"Shop 6/1256  Armadale Road, Haynes WA 6112, Australia",Haynes,WA,+61894983800,-32.14762503826648,115.9861675681773,https://www.entertainment.com.au/offer-details/b05eea27-3278-4c15-897f-00b22dd275d9
b325d02e-08eb-44f4-9d31-5557a499e890,Informal Dining and Takeaway,Takeaway,Pastacup Innaloo,Up to $25,Enjoy 25% off,25% off the TOTAL BILL,http://www.pastacup.com.au,"Hand made fresh pasta where quality meets convenience, Pastacup lets diners choose their style of pasta, sauce and all the extra ingredients to make your meal special. Too much choice? Their menu makes it easy to find your next favourite dish. At Pastacup they love food and they can’t wait to share their delicious menu with you. From penne to pappardelle, Pastacup has it all.",• Offer not valid for delivery,"357 Scarborough Beach Road, Innaloo WA 6018, Australia",Innaloo,WA,,-31.901106206853807,115.79373991837775,https://www.entertainment.com.au/offer-details/b325d02e-08eb-44f4-9d31-5557a499e890
5a3c6b9c-0195-4850-ae67-6855710baa0f,Informal Dining and Takeaway,Takeaway,Pastacup Kwinana,Up to $20,Enjoy 25% off,25% off the TOTAL BILL,https://www.pastacup.com.au/,"Hand made fresh pasta where quality meets convenience, Pastacup lets diners choose their style of pasta, sauce and all the extra ingredients to make your meal special. Too much choice? Their menu makes it easy to find your next favourite dish. At Pastacup they love food and they can’t wait to share their delicious menu with you. From penne to pappardelle, Pastacup has it all.",• Offer not valid for delivery,"Kwinana Town Centre, Shop 3A, 4 Chisham Avenue, Kwinana WA 6966, Australia",Kwinana,WA,+61894396166,-32.244251532507896,115.81365900826304,https://www.entertainment.com.au/offer-details/5a3c6b9c-0195-4850-ae67-6855710baa0f
1ab6f878-47ca-4c4c-9bfc-577c9f00c762,Informal Dining and Takeaway,Takeaway,Pastacup Mandurah,Up to $20,Enjoy 25% off,25% off the TOTAL BILL,https://www.pastacup.com.au/,"Hand made fresh pasta where quality meets convenience, Pastacup lets diners choose their style of pasta, sauce and all the extra ingredients to make your meal special. Too much choice? Their menu makes it easy to find your next favourite dish. At Pastacup they love food and they can’t wait to share their delicious menu with you. From penne to pappardelle, Pastacup has it all.",• Offer not valid for delivery,"Shop R-3, Mandurah Forum, 330 Pinjarra Road, Mandurah WA 6210, Australia",Mandurah,WA,,-32.53585843892325,115.74029678212906,https://www.entertainment.com.au/offer-details/1ab6f878-47ca-4c4c-9bfc-577c9f00c762
f77539fb-e6e2-4109-8cb4-deb1064ac7c0,Informal Dining and Takeaway,Takeaway,Pastacup Morley,Up to $20,Enjoy 25% off,25% off the TOTAL BILL,https://www.pastacup.com.au/,"Hand made fresh pasta where quality meets convenience, Pastacup lets diners choose their style of pasta, sauce and all the extra ingredients to make your meal special. Too much choice? Their menu makes it easy to find your next favourite dish. At Pastacup they love food and they can’t wait to share their delicious menu with you. From penne to pappardelle, Pastacup has it all.",• Offer not valid for delivery,"273A  Walter Road West, Morley WA 6062, Australia",Morley,WA,+61865073487,-31.894493837579933,115.89853973185282,https://www.entertainment.com.au/offer-details/f77539fb-e6e2-4109-8cb4-deb1064ac7c0
1e7ba3ef-8266-43a8-a10a-2a9d69affa54,Informal Dining and Takeaway,Takeaway,Pastacup Palmyra,Up to $20,Enjoy 25% off,25% off the TOTAL BILL,https://www.pastacup.com.au/,"Hand made fresh pasta where quality meets convenience, Pastacup lets diners choose their style of pasta, sauce and all the extra ingredients to make your meal special. Too much choice? Their menu makes it easy to find your next favourite dish. At Pastacup they love food and they can’t wait to share their delicious menu with you. From penne to pappardelle, Pastacup has it all.",• Offer not valid for delivery,"3/369/375 Canning Hwy, Palmyra WA 6157, Australia",Palmyra,WA,+61893193286,-32.03527308027512,115.79044889999999,https://www.entertainment.com.au/offer-details/1e7ba3ef-8266-43a8-a10a-2a9d69affa54
dd9b6631-831c-4d71-b973-5a23d2a96907,Informal Dining and Takeaway,Takeaway,Pastacup Swanview,Up to $20,Enjoy 25% off,25% off the TOTAL BILL,https://www.pastacup.com.au/,"Hand made fresh pasta where quality meets convenience, Pastacup lets diners choose their style of pasta, sauce and all the extra ingredients to make your meal special. Too much choice? Their menu makes it easy to find your next favourite dish. At Pastacup they love food and they can’t wait to share their delicious menu with you. From penne to pappardelle, Pastacup has it all.",• Offer not valid for delivery,"Darling Ridge Shopping Centre Shop 9A, 309 Morrison Road, Swan View WA 6056, Australia",Swan View,WA,+61863907096,-31.88525386819359,116.04221448228235,https://www.entertainment.com.au/offer-details/dd9b6631-831c-4d71-b973-5a23d2a96907
9f509917-b076-4289-8473-b21f33f76f57,Informal Dining and Takeaway,Takeaway,Pastacup Waterford (Karawara),Up to $20,Enjoy 25% off,25% off the TOTAL BILL,https://www.pastacup.com.au/,"Hand made fresh pasta where quality meets convenience, Pastacup lets diners choose their style of pasta, sauce and all the extra ingredients to make your meal special. Too much choice? Their menu makes it easy to find your next favourite dish. At Pastacup they love food and they can’t wait to share their delicious menu with you. From penne to pappardelle, Pastacup has it all.",• Offer not valid for delivery,"230 Manning Rd, Karawara WA 6152, Australia",Karawara,WA,+61862371526,-32.011007689912674,115.88666,https://www.entertainment.com.au/offer-details/9f509917-b076-4289-8473-b21f33f76f57
4f771b75-8692-4aff-9311-118b3a5db046,Informal Dining and Takeaway,Takeaway,Pita Pit Ellenbrook,Up to $20,Enjoy 25% off,25% off the TOTAL BILL,https://www.pitapit.com.au/,,,"Ellenbrook Central, Shop G34, 11 Main Street, Ellenbrook WA 6069, Australia",Ellenbrook,WA,+61862441865,-31.7826824,115.9694296,https://www.entertainment.com.au/offer-details/4f771b75-8692-4aff-9311-118b3a5db046
665f6f63-76aa-43cc-a9f7-ebb3777f8751,Informal Dining and Takeaway,Takeaway,Pita Pit Malaga,Up to $20,Enjoy 25% off,25% off the TOTAL BILL,https://www.pitapit.com.au/,,,"3 Exhibition Drive, Malaga WA 6090, Australia",Malaga,WA,+61992493958,-31.8511579,115.8814264,https://www.entertainment.com.au/offer-details/665f6f63-76aa-43cc-a9f7-ebb3777f8751
bb8e4bea-528e-45e8-afeb-d35bc036ca8a,Informal Dining and Takeaway,Italian,Pizza Express Harrisdale,Up to $20,Enjoy 25% off,25% off the TOTAL BILL,https://harrisdale.pizzaexpress.com.au/#!dl=1463&n=SPECIALDEALS,"Pizza Express first started in the mid 90's in Fremantle and has since grown significantly over the past 30 years. It is now Western Australia's largest independent pizza chain. Serving all your pizza freshly prepared from classics to gourmet, we have a pizza for you!",• Valid for pick up only,"Stockland Shopping Centre Harrisdale, Harrisdale WA 6112, Australia",Harrisdale,WA,+61893933333,-32.12698961405505,115.92736107116416,https://www.entertainment.com.au/offer-details/bb8e4bea-528e-45e8-afeb-d35bc036ca8a
e9f0a307-a9c4-4d53-96b0-cd58329c2835,Informal Dining and Takeaway,Takeaway,Pizza on Cambridge,Up to $20,Enjoy 25% off,25% off the TOTAL BILL,https://pizzaoncambridge.com/,"Pizza on Cambridge offers authentic bread base pizzas. Choose from a large selection of toppings and fl avours including seafood, fresh meats, BBQ chicken and vegetarian. Open 7 days from 5pm. Open until 2am Friday and Saturday",• dine in or pick-up only,"442 Cambridge Street, Floreat WA 6014, Australia",Floreat,WA,+61893839411,-31.9405,115.80115,https://www.entertainment.com.au/offer-details/e9f0a307-a9c4-4d53-96b0-cd58329c2835
8c7fe220-3907-42a8-b748-f9621c9a83ff,Informal Dining and Takeaway,Italian,Pizza Rider,Up to $20,Enjoy 25% off,25% off the TOTAL BILL,https://www.pizzarider.com.au/#!dl=2141&n=AboutUs,"Our extensive menu offers everyone a variety of the best-handcrafted pizzas starting from the old school favourites, like the Aussie and Golden Cheese, to the more unique flavour profiles. If you need a gluten-free pizza or maybe even a vegetarian option, we have got you covered. But hey, maybe you’re in the mood for something other than pizza! Well luckily for you, we offer a range of different kinds of sides and desserts.",• Valid for pick up only,"22/101 Forest Lakes Drive, Thornlie WA 6108, Australia",Thornlie,WA,+61894935150,-32.06949829999998,115.950699,https://www.entertainment.com.au/offer-details/8c7fe220-3907-42a8-b748-f9621c9a83ff
49ba7c9d-6f57-45e2-a3ca-85221d3c287d,Informal Dining and Takeaway,Cafe,Portuguese Delights,Up to $20,Enjoy 25% off,25% off the TOTAL BILL,https://m.facebook.com/Portuguese-Delights-444042722458861/,,,"3/2 Cooper Road, Cockburn Central WA 6164, Australia",Cockburn Central,WA,,-32.12342675420923,115.84081702563012,https://www.entertainment.com.au/offer-details/49ba7c9d-6f57-45e2-a3ca-85221d3c287d
941797ac-da9c-4a7b-9243-e28a0c0fefb7,Informal Dining and Takeaway,Cafe,Ri-Vive Nutrition,Up to $20,Enjoy 25% off,25% off the TOTAL BILL,https://ri-vivenutrition.square.site/,,,"1/4 Old Great Northern Highway, Midland WA 6056, Australia",Midland,WA,,-31.887893984814905,116.0032405263733,https://www.entertainment.com.au/offer-details/941797ac-da9c-4a7b-9243-e28a0c0fefb7
aa688412-9f07-457e-b5ef-ed89affd77c1,Informal Dining and Takeaway,Cafe,Roadster Cafe,Up to $20,Enjoy 25% off,25% off the TOTAL BILL,,,,"156/158 Bannister Road, Canning Vale WA 6155, Australia",Canning Vale,WA,,-32.058827288253845,115.91189236551826,https://www.entertainment.com.au/offer-details/aa688412-9f07-457e-b5ef-ed89affd77c1
d5a411d3-dc7c-40e1-bdeb-1b4fa99841d2,Informal Dining and Takeaway,Cafe,Roasted N Toasted,Up to $20,Enjoy 25% off,25% off the TOTAL BILL,https://roastedntoasted.com.au/,,,"285 Vincent Street, Leederville WA 6007, Australia",Leederville,WA,+61499882775,-31.93664143591978,115.84337209044874,https://www.entertainment.com.au/offer-details/d5a411d3-dc7c-40e1-bdeb-1b4fa99841d2
f7b64ea9-eabf-4cf3-a4cc-7859a408e2d6,Informal Dining and Takeaway,Cafe,Roodog's Deli & Lunch Bar,One slushy,"Buy one, get one free",One complimentary SLUSHY when another SLUSHY of equal or greater value is purchased,https://www.facebook.com/Roodogs,,,"322A Yangebup Road, Yangebup WA 6164, Australia",Yangebup,WA,,-32.124007424513586,115.82357991876702,https://www.entertainment.com.au/offer-details/f7b64ea9-eabf-4cf3-a4cc-7859a408e2d6
7effda27-12bf-4d7c-9c49-d1af37de9faa,Informal Dining and Takeaway,Japanese,Saka Sushi,Up to $30,Enjoy 25% off,25% off the TOTAL BILL,https://saka-sushi-japanese-restaurant.business.site/,,,"Shop 27, 366 Albany Highway, Victoria Park WA 6100, Australia",Victoria Park,WA,+61894703971,-31.973940413447203,115.89735000432385,https://www.entertainment.com.au/offer-details/7effda27-12bf-4d7c-9c49-d1af37de9faa
956fbf25-418a-4b3b-ab95-71067279a48b,Informal Dining and Takeaway,Takeaway,Scarboro Super Deli,One coffee,"Buy one, get one free",One complimentary COFFEE when another COFFEE of equal or greater value is purchased,https://sites.google.com/view/scarborosuperdeli/,,,"68 Scarborough Beach Road, Scarborough WA 6019, Australia",Scarborough,WA,+61893411042,-31.89392238917043,115.76390800802737,https://www.entertainment.com.au/offer-details/956fbf25-418a-4b3b-ab95-71067279a48b
d1fa00d8-17c6-47f7-be04-9ebba65f6546,Informal Dining and Takeaway,Japanese,Shushi Canning Vale,One sushi hand roll,"Buy one, get one free",One complimentary SUSHI HAND ROLL when another SUSHI HAND ROLL of equal or greater value is purchased,https://instagram.com/shushicanningvale?igshid=ZjA0NjI3M2I=,,,"Shop 18, 280  Bannister Road, Canning Vale WA 6155, Australia",Canning Vale,WA,+61862585488,-32.07224590545767,115.8949175107645,https://www.entertainment.com.au/offer-details/d1fa00d8-17c6-47f7-be04-9ebba65f6546
e8f0b033-21b8-4ffb-bc0f-b01107d8ed36,Informal Dining and Takeaway,Italian,Slice of Italy,Up to $20,Enjoy 25% off,25% off the TOTAL BILL,https://www.sliceofitaly.com.au/,,,"Building 9, ECU Joondalup, Off Kendrew Crescent (Opposite Police Academy), Joondalup WA 6028, Australia",Joondalup,WA,+61863042326,-31.749785,115.771581,https://www.entertainment.com.au/offer-details/e8f0b033-21b8-4ffb-bc0f-b01107d8ed36
5c3493e7-66bb-42e9-a9ac-197c83d0f734,Informal Dining and Takeaway,Takeaway,Snazzy Kebabs & Vegan,Up to $20,Enjoy 25% off,25% off the TOTAL BILL,https://www.thesnazzy.com.au/,,,"52 Durlacher Street, Geraldton WA 6530, Australia",Geraldton,WA,+61468413138,-28.773912365957244,114.61188999764008,https://www.entertainment.com.au/offer-details/5c3493e7-66bb-42e9-a9ac-197c83d0f734
c619bb5f-3c48-4fba-9f6a-937e8dc6c189,Informal Dining and Takeaway,Cafe,So.Le Cafe,One small coffee,"Buy one, get one free",One complimentary SMALL COFFEE when another SMALL COFFEE of equal or greater value is purchased,,,,"Shop 5/846 Beaufort Street, Inglewood QLD 4387, Australia",Inglewood,QLD,,-31.92315768989642,115.8839800501611,https://www.entertainment.com.au/offer-details/c619bb5f-3c48-4fba-9f6a-937e8dc6c189
99825d65-8f0c-47ce-a4bd-4794ca0522ee,Informal Dining and Takeaway,Takeaway,Spearwood Kebabs,One coffee,"Buy one, get one free",One complimentary COFFEE when another COFFEE of equal or greater value is purchased,https://spearwoodkebabsmenu.com.au/,,,"Unit 19, 432  Rockingham Road, Spearwood WA 6163, Australia",Spearwood,WA,+61894343604,-32.114767521219804,115.78319092261088,https://www.entertainment.com.au/offer-details/99825d65-8f0c-47ce-a4bd-4794ca0522ee
16b674e8-3c87-4a7f-ab7e-55a50e0fb303,Informal Dining and Takeaway,Cafe,Sugar Rush Bakery,Up to $20,Enjoy 25% off,25% off the TOTAL BILL,https://sugarrushbakery.com.au/,,,"Shop 3/665 Beaufort Street, Mount Lawley WA 6050, Australia",Mount Lawley,WA,+61468444813,-31.933714279020368,115.87215433482216,https://www.entertainment.com.au/offer-details/16b674e8-3c87-4a7f-ab7e-55a50e0fb303
9093a56a-a3a5-4887-812f-9e5197317871,Informal Dining and Takeaway,Cafe,Sumac Cafe,One medium coffee,"Buy one, get one free",One complimentary MEDIUM COFFEE when another MEDIUM COFFEE of equal or greater value is purchased,https://www.ozfoodhunter.com.au/sumac-cafe,,,"Shop 8, 59 Albany Highway, Victoria Park WA 6100, Australia",Victoria Park,WA,+61862465659,-31.96937324281096,115.88923483468463,https://www.entertainment.com.au/offer-details/9093a56a-a3a5-4887-812f-9e5197317871
fa51ccce-28f0-4d23-8c68-83392b3165fe,Informal Dining and Takeaway,Dessert,Tam Bakes Cakes,One piece of cookies or brownies,"Buy one, get one free",One complimentary PIECE OF COOKIES OR BROWNIES when another PIECE OF COOKIES OR BROWNIES of equal or greater value is purchased,https://tambakescakes.com.au/,,,"28 Lakefront Ave, Beeliar WA 6164, Australia",Beeliar,WA,+61408290383,-32.132173157859434,115.81682192563065,https://www.entertainment.com.au/offer-details/fa51ccce-28f0-4d23-8c68-83392b3165fe
7fd8fcc3-052a-4105-835e-d06c36eb9e39,Informal Dining and Takeaway,Takeaway,Tea Vibe,Up to $20,Enjoy 25% off,25% off the TOTAL BILL,http://instagram.com/teavibe.au,,,"1/904 Beaufort Street, Inglewood WA 6052, Australia",Inglewood,WA,,-31.9207564023428,115.88664535947213,https://www.entertainment.com.au/offer-details/7fd8fcc3-052a-4105-835e-d06c36eb9e39
8d472497-e9ec-448e-a097-d97852619b00,Informal Dining and Takeaway,Takeaway,The 5 Four Store,Up to $6.5,"Buy one, get one free",One complimentary COFFEE when another COFFEE of equal or greater value is purchased,https://5four.com.au/,,,"71 Old Perth Road, Bassendean NSW 2365, Australia",Bassendean,NSW,+61472502631,-31.90528450710568,115.95134169998472,https://www.entertainment.com.au/offer-details/8d472497-e9ec-448e-a097-d97852619b00
4e83455b-84dd-4827-aec5-0d312e0aa4e6,Informal Dining and Takeaway,Cafe,The Berry Farm,One hot beverage,"Buy one, get one free",One hot beverage when another hot beverage of equal or greater value is purchased,https://www.berryfarm.com.au,,,"43 Bessell Road, Margaret River WA 6285, Australia",Margaret River,WA,+61897575054,-34.002919,115.206749,https://www.entertainment.com.au/offer-details/4e83455b-84dd-4827-aec5-0d312e0aa4e6
0a5d736d-52eb-43be-96fe-befd9be87c5f,Informal Dining and Takeaway,Cafe,The BMT Factory,One Large Bubble Tea,"Buy one, get one free",One complimentary LARGE BUBBLE TEA when another LARGE BUBBLE TEA of equal or greater value is purchased,,,,"6B, 931 Whitfords Avenue, Woodvale WA 6026, Australia",Woodvale,WA,+61894096507,-31.799381784082858,115.79479198699059,https://www.entertainment.com.au/offer-details/0a5d736d-52eb-43be-96fe-befd9be87c5f
6ba5c05e-8ee9-49c3-ae88-7394a8beaac5,Informal Dining and Takeaway,Cafe,The Cleaver Street Coffee Shop,One coffee,"Buy one, get one free",One COFFEE when another COFFEE of equal or greater value is purchased,https://cleaverstreet.com.au/coffee-shop/,,,"14 Cleaver Street, West Perth WA 6005, Australia",West Perth,WA,,-31.940914185989207,115.84813600005245,https://www.entertainment.com.au/offer-details/6ba5c05e-8ee9-49c3-ae88-7394a8beaac5
5abf5036-e6eb-46e1-9880-48aacc2d2c6c,Informal Dining and Takeaway,Takeaway,The Electric Bean Co,Up to $5,"Buy one, get one free",One complimentary COFFEE when another COFFEE of equal or greater value is purchased,https://www.facebook.com/electricbeanco,,,"Unit 11, 1 Merino Entrance, Cockburn Central WA 6164, Australia",Cockburn Central,WA,+61423384172,-32.11820890843481,115.83994335397217,https://www.entertainment.com.au/offer-details/5abf5036-e6eb-46e1-9880-48aacc2d2c6c
9ec35446-2498-42bd-a530-94d7de400f2d,Informal Dining and Takeaway,Takeaway,The Margaret River Chocolate Company,One coffee and handmade truffle,"Buy one, get one free",One complimentary COFFEE AND HANDMADE TRUFFLE when another COFFEE AND HANDMADE TRUFFLE of equal or greater value is purchased,https://chocolatefactory.com.au/,,,"5123 West Swan Road, West Swan WA 6055, Australia",West Swan,WA,+61892501588,-31.852077,115.985953,https://www.entertainment.com.au/offer-details/9ec35446-2498-42bd-a530-94d7de400f2d
f53f14c1-2444-47b3-9093-4c0357df0f7d,Informal Dining and Takeaway,Takeaway,The Wooden Spoon,One coffee,"Buy one, get one free",One complimentary COFFEE when another COFFEE of equal or greater value is purchased,https://www.thewoodenspoon.com.au/,,,"shop 2, 76 Erindale Road, Balcatta WA 6021, Australia",Balcatta,WA,+61892407255,-31.863384201988186,115.80812340505732,https://www.entertainment.com.au/offer-details/f53f14c1-2444-47b3-9093-4c0357df0f7d
0889622e-7d42-4ffc-9e50-cc893cb4c13d,Informal Dining and Takeaway,Cafe,Toasted Carine,Up to $6,"Buy one, get one free",One complimentary COFFEE BEVERAGE when another COFFEE BEVERAGE of equal or greater value is purchased,https://toastedcarine.square.site/,,,"Unit 2/ 62  Almadine Drive, Carine WA 6020, Australia",Carine,WA,+61492995107,-31.853740609151696,115.76799334905621,https://www.entertainment.com.au/offer-details/0889622e-7d42-4ffc-9e50-cc893cb4c13d
2336705c-f93d-43c6-90c5-9c8b8f288d9d,Informal Dining and Takeaway,Cafe,W.H.I.P Patisserie,Up to $20,Enjoy 25% off,25% off the TOTAL BILL,https://whippatisserie.com/,,,"871 Beaufort Street, Inglewood WA 6052, Australia",Inglewood,WA,,-31.92163634138053,115.88540003584528,https://www.entertainment.com.au/offer-details/2336705c-f93d-43c6-90c5-9c8b8f288d9d
e64c48c3-cc95-47cb-9d25-11ab58088625,Informal Dining and Takeaway,Cafe,Wild and Woods Cafe,One coffee,"Buy one, get one free",One complimentary COFFEE when another COFFEE of equal or greater value is purchased,https://www.wildandwoods.com.au/,,,"Shop 2, 237 Naturaliste Terrace, Dunsborough WA 6281, Australia",Dunsborough,WA,+61897553308,-33.615225,115.106394,https://www.entertainment.com.au/offer-details/e64c48c3-cc95-47cb-9d25-11ab58088625
481eb119-8bef-4ecf-917e-7228802a7188,Informal Dining and Takeaway,Japanese,Yorokobi Sushi,Up to $20,Enjoy 25% off,25% off the TOTAL BILL,http://sushiyorokobi.com/,"Located in the charming suburb of Cottesloe in Perth, Yorokobi Sushi serves up a variety of Japanese cuisine that leans heavily on donburi and bento variations. Guests can enjoy popular dishes like Karaage Chicken Donburi, Teriyaki Tofu Donburi, and Teriyaki Chicken Donburi, freshly made to order.","• Valid for Dine-In, Takeaway and Catering","14 Station Street, Cottesloe WA 6011, Australia",Cottesloe,WA,+61893849365,-31.997212742569406,115.76183917069963,https://www.entertainment.com.au/offer-details/481eb119-8bef-4ecf-917e-7228802a7188
1a9f0c5d-9772-4887-be60-7eb0b675ec2c,Informal Dining and Takeaway,Japanese,Yoshino Fresh Sushi,Up to $30,Enjoy 25% off,25% off any SUSHI ROLL PLATTER,https://www.yoshino.com.au,,,"Unit 3, 139 Newcastle Street, Perth WA 6000, Australia",Perth,WA,+61892278031,-31.947146,115.862438,https://www.entertainment.com.au/offer-details/1a9f0c5d-9772-4887-be60-7eb0b675ec2c
855d5685-433f-4cd4-9a91-33509dd15bac,Informal Dining and Takeaway,Takeaway,Yum Yum Tree Victoria Park,One coffee,"Buy one, get one free",One complimentary COFFEE when another COFFEE of equal or greater value is purchased,https://yumyumtree.com.au/,,,"319 Albany Highway, Victoria Park WA 6100, Australia",Victoria Park,WA,,-31.972843824820856,115.89610471017919,https://www.entertainment.com.au/offer-details/855d5685-433f-4cd4-9a91-33509dd15bac
